{
  "name": "小红书笔记获取",
  "description": "通过笔记ID或分享链接获取小红书笔记的详细内容",
  "version": "1.0.0",
  "api": {
    "url": "",
    "auth": {
      "type": "none"
    }
  },
  "tools": [
    {
      "name": "get_xiaohongshu_note",
      "description": "获取小红书笔记内容",
      "parameters": {
        "type": "object",
        "properties": {
          "note_id": {
            "type": "string",
            "description": "小红书笔记ID"
          },
          "share_url": {
            "type": "string",
            "description": "小红书笔记分享链接"
          }
        },
        "required": []
      }
    }
  ]
} 